label,hf_id,family,arch,n_layers,params_M,in_april_panel,R_ex0_thirds,R_ex0_thirds_ci95,late_uptick,hourglass,R_ex0_vertex,contrast_C_ex0,quad_a_ex0,contrast_C_incl0,quad_a_incl0,block0_over_block1,jvp_method,converged_frac,mean_iters,time_s,protocol
GPT-2 124M,gpt2,AR decoder,gpt2,12,124,True,0.741185894677598,0.726-0.759,1.4230500589818633,True,0.8301333909683426,0.2405317626769684,9.356337683601016,0.5395538720572776,55.24281602864302,9.76599418922017,torch.func.jvp,0.8361111111111111,29.719444444444445,297.0252435207367,incontext-natural-block-float32
Pythia-410M,EleutherAI/pythia-410m,AR decoder,pythia,24,410,True,0.8368150146671313,0.821-0.852,1.3050013128245315,False,0.7703013536272245,0.18383048273355473,4.655211756516935,0.7278420949347889,56.341597853161005,12.932321788230048,torch.func.jvp,0.4625,42.025,1175.5989871025085,incontext-natural-block-float32
Llama-3.2-1B,meta-llama/Llama-3.2-1B,AR decoder,llama,16,1240,True,0.8186243516550186,0.806-0.833,1.1020811471898992,False,0.6401537768051911,0.273303768406352,11.718276430311342,0.47527722057182303,33.69036317759922,2.827351803595939,torch.func.jvp,0.6416666666666667,38.1,2861.229032278061,incontext-natural-block-float32
Pythia-1.4B,EleutherAI/pythia-1.4b,AR decoder,pythia,24,1400,True,0.6820355612554216,0.665-0.700,1.807598899452368,True,0.5299766803169255,0.4212772825742359,13.484739145200972,0.8128522020152033,96.83025877744214,19.161687366698512,torch.func.jvp,0.6194444444444445,35.9375,3271.415974378586,incontext-natural-block-float32
Qwen2.5-1.5B,Qwen/Qwen2.5-1.5B,AR decoder,qwen,28,1540,True,0.8467397376157133,0.834-0.860,1.0612424654914807,False,0.8429469737640416,0.31192207485712975,9.665883470461372,0.8655371676897212,149.67523180688804,22.97216524665176,torch.func.jvp,0.5154761904761904,41.09285714285714,4252.769081354141,incontext-natural-block-float32
Gemma-2-2B,google/gemma-2-2b,AR decoder,gemma2,26,2610,True,0.9480977211136953,0.933-0.962,1.0731212468000724,False,0.9994458267965717,0.1303858360838203,4.452052005621113,0.10234258922068874,3.5957244472365093,0.8488660872437495,torch.func.jvp,0.6230769230769231,38.452564102564104,5798.710790634155,incontext-natural-block-float32
ConvNeXt-base,facebook/convnext-base-224,ConvNet (vision),convnext,36,89,True,0.5220007774011762,0.506-0.537,1.6834103335689303,True,0.4446674236719029,0.5445274168553266,24.320456362234616,0.7406586994899693,45.09165672655099,2.255420985576979,torch.func.jvp,0.625,32.16203703703704,482.97526717185974,incontext-natural-block-float32
Mamba-130M,state-spaces/mamba-130m-hf,SSM,mamba,24,130,True,0.5440316347694635,0.533-0.555,2.4487893374882588,True,0.5816768619557232,0.6233152805338343,28.109617261567035,0.7301884050095666,46.52661293653543,7.024010177358588,torch.func.jvp,0.5194444444444445,41.21527777777778,11417.471756219864,incontext-natural-block-float32
DINOv2-base,facebook/dinov2-base,Vision SSL,dinov2,12,86,True,0.7636298683068619,0.737-0.796,1.473935318784863,True,0.48348101652419523,0.2418531277575746,14.492910804448423,0.2850650474792549,15.182501607707595,0.7005517890768934,torch.func.jvp,0.525,40.71388888888889,741.123966217041,incontext-natural-block-float32
ViT-base,google/vit-base-patch16-224,Vision supervised,vit,12,86,True,0.7455871556209308,0.697-0.801,1.7940640332104036,True,0.7385766764622381,0.25050583823984485,6.125437832483054,0.34625952899907464,14.710223214415635,2.1526867737466353,torch.func.jvp,0.5666666666666667,41.519444444444446,549.5245192050934,incontext-natural-block-float32
RoBERTa-large,FacebookAI/roberta-large,Masked encoder,roberta,24,355,False,1.4171964922843048,1.394-1.440,0.5462887668739467,False,1.9344083987932916,-0.6042737368460223,-16.136312289564884,-0.8134113205869867,-20.377409399898447,0.47305397057552956,torch.func.jvp,0.7791666666666667,26.815277777777776,722.4408357143402,incontext-natural-block-float32
